-- Popular clientes --

INSERT INTO [dbo].[cliente] ([cedula], [nombre], [p_apellido], [s_apellido], [edad], [fecha_nac], [peso], [IMC], [pais], [cintura], [cuello], [caderas], [porc_musculo], [porc_grasa], [cdm_calorias], [correo], [passw]) VALUES (3052205, N'Elote', N'Esta', N'xD', 9, N'2012-06-09', 23, 123, N'Afganistan', 123, 3214, 2123, 12, 313, NULL, N'elote@gmail.com', N'202cb962ac59075b964b07152d234b70')
INSERT INTO [dbo].[cliente] ([cedula], [nombre], [p_apellido], [s_apellido], [edad], [fecha_nac], [peso], [IMC], [pais], [cintura], [cuello], [caderas], [porc_musculo], [porc_grasa], [cdm_calorias], [correo], [passw]) VALUES (3278965, N'jacob', N'soto', N'3', 33, N'1988-03-11', 44, 43, N'costa rica', 24, 332, 33, NULL, NULL, NULL, N'e@ga.com', N'827ccb0eea8a706c4c34a16891f84e7b')
INSERT INTO [dbo].[cliente] ([cedula], [nombre], [p_apellido], [s_apellido], [edad], [fecha_nac], [peso], [IMC], [pais], [cintura], [cuello], [caderas], [porc_musculo], [porc_grasa], [cdm_calorias], [correo], [passw]) VALUES (4738590, N'andres', N'umaña', N'3', 35, N'1986-06-08', 44, 43, N'venezuela', 24, 332, 33, NULL, NULL, NULL, N'and@ga.com', N'827ccb0eea8a706c4c34a16891f84e7b')
INSERT INTO [dbo].[cliente] ([cedula], [nombre], [p_apellido], [s_apellido], [edad], [fecha_nac], [peso], [IMC], [pais], [cintura], [cuello], [caderas], [porc_musculo], [porc_grasa], [cdm_calorias], [correo], [passw]) VALUES (8595930, N'emilia', N'cambrionero', N'5', 33, N'1988-03-11', 44, 43, N'costa rica', 24, 332, 33, NULL, NULL, NULL, N'em@ga.com', N'827ccb0eea8a706c4c34a16891f84e7b')
INSERT INTO [dbo].[cliente] ([cedula], [nombre], [p_apellido], [s_apellido], [edad], [fecha_nac], [peso], [IMC], [pais], [cintura], [cuello], [caderas], [porc_musculo], [porc_grasa], [cdm_calorias], [correo], [passw]) VALUES (23109854, N'arnoldo', N'ermerejildo', N'picha', 5, N'2016-01-08', 4, 4, N'nicaragua', 2, 3, 3, 3, 3, NULL, N'arn@ga.com', N'827ccb0eea8a706c4c34a16891f84e7b')
INSERT INTO [dbo].[cliente] ([cedula], [nombre], [p_apellido], [s_apellido], [edad], [fecha_nac], [peso], [IMC], [pais], [cintura], [cuello], [caderas], [porc_musculo], [porc_grasa], [cdm_calorias], [correo], [passw]) VALUES (23842738, N'cristina', N'castillo', N'picha', 5, N'2014-10-08', 44, 43, N'venezuela', 24, 33, 33, NULL, NULL, NULL, N'cris@ga.com', N'827ccb0eea8a706c4c34a16891f84e7b')
INSERT INTO [dbo].[cliente] ([cedula], [nombre], [p_apellido], [s_apellido], [edad], [fecha_nac], [peso], [IMC], [pais], [cintura], [cuello], [caderas], [porc_musculo], [porc_grasa], [cdm_calorias], [correo], [passw]) VALUES (32542543, N'a', N'e', N'i', 23, N'1998-04-07', 5, 5, N'5', 5, 5, 5, 5, 5, NULL, N'a@e.com', N'202cb962ac59075b964b07152d234b70')
INSERT INTO [dbo].[cliente] ([cedula], [nombre], [p_apellido], [s_apellido], [edad], [fecha_nac], [peso], [IMC], [pais], [cintura], [cuello], [caderas], [porc_musculo], [porc_grasa], [cdm_calorias], [correo], [passw]) VALUES (207950858, N'Steven', N'Castro ', N'Medina', 22, N'1999-09-16', 54, 18, N'Costa Rica', 20, 5, 15, 14, 18, NULL, N'stevxdgmail.com', N'827ccb0eea8a706c4c34a16891f84e7b')
INSERT INTO [dbo].[cliente] ([cedula], [nombre], [p_apellido], [s_apellido], [edad], [fecha_nac], [peso], [IMC], [pais], [cintura], [cuello], [caderas], [porc_musculo], [porc_grasa], [cdm_calorias], [correo], [passw]) VALUES (214354234, N'Steven', N'Medina', N'aaaa                                          ', 22, N'1999-05-04', 45, 34, N'costa rica', 34, 454, 34, 32, 3, NULL, N'otracosa', N'827ccb0eea8a706c4c34a16891f84e7b')

-- Popular empleados --

INSERT INTO [dbo].[Empleado] ([cedula], [nombre], [correo], [passw], [rol]) VALUES (2022342, N'asdfas', N'qwerty', N'1234570', N'admin')
INSERT INTO [dbo].[Empleado] ([cedula], [nombre], [correo], [passw], [rol]) VALUES (2048343290, N'asdfas', N'alfinfunciono', N'12345', N'admin')

-- Popular nutri --

INSERT INTO [dbo].[nutricionista] ([n_cedula], [nombre], [p_apellido], [s_apellido], [codigo], [edad], [fecha_nac], [peso], [IMC], [direccion], [foto], [tarjetacredito], [tipo_cobro], [correo], [passw]) VALUES (0, N'Nashe', N'Nashe', N'Nashe', N'13213', 5, N'2016-10-28', N'31231', 32131, N'3123123', N'imagen2', 13123123, N'Mensual', N'gg', N'2c2e374166a690a991d955e57f3ab90d')
INSERT INTO [dbo].[nutricionista] ([n_cedula], [nombre], [p_apellido], [s_apellido], [codigo], [edad], [fecha_nac], [peso], [IMC], [direccion], [foto], [tarjetacredito], [tipo_cobro], [correo], [passw]) VALUES (32452, N'Humbert', N'Umana', N'Umana', N'generado', 12, N'2009-06-03', N'123', 24, N'234', N'', 123124, N'Anual', N'jaja', N'202cb962ac59075b964b07152d234b70')
INSERT INTO [dbo].[nutricionista] ([n_cedula], [nombre], [p_apellido], [s_apellido], [codigo], [edad], [fecha_nac], [peso], [IMC], [direccion], [foto], [tarjetacredito], [tipo_cobro], [correo], [passw]) VALUES (50000, N'Nashe', N'Nashe', N'Nashe', N'13213', 6, N'2015-05-28', N'213132', 123213, N'Nashe', N'imagen2', 1232313, N'Mensual', N'xdddd', N'92ec3ebc03038c204f6cd3a7a24d5d30')
INSERT INTO [dbo].[nutricionista] ([n_cedula], [nombre], [p_apellido], [s_apellido], [codigo], [edad], [fecha_nac], [peso], [IMC], [direccion], [foto], [tarjetacredito], [tipo_cobro], [correo], [passw]) VALUES (123213, N'Nashe', N'Nashe', N'Nashe', N'13213', 8, N'2013-06-28', N'123123', 12313, N'Nashe', N'uwu', 2133123, N'Anual', N'112313', N'8ad3fac6c6b3528499d347d924443abb')
INSERT INTO [dbo].[nutricionista] ([n_cedula], [nombre], [p_apellido], [s_apellido], [codigo], [edad], [fecha_nac], [peso], [IMC], [direccion], [foto], [tarjetacredito], [tipo_cobro], [correo], [passw]) VALUES (505050, N'Humbert', N'Gomez', N'Bao', N'500', 9, N'2012-06-30', N'23', 31241, N'a', N'imagen', 1241414, N'Mensual', N'nose@gmail.com', N'827ccb0eea8a706c4c34a16891f84e7b')
INSERT INTO [dbo].[nutricionista] ([n_cedula], [nombre], [p_apellido], [s_apellido], [codigo], [edad], [fecha_nac], [peso], [IMC], [direccion], [foto], [tarjetacredito], [tipo_cobro], [correo], [passw]) VALUES (505051, N'Humbert', N'Gomez', N'Bao', N'500', 9, N'2012-06-30', N'23', 31241, N'a', N'imagen', 1241414, N'Mensual', N'axd', N'827ccb0eea8a706c4c34a16891f84e7b')
INSERT INTO [dbo].[nutricionista] ([n_cedula], [nombre], [p_apellido], [s_apellido], [codigo], [edad], [fecha_nac], [peso], [IMC], [direccion], [foto], [tarjetacredito], [tipo_cobro], [correo], [passw]) VALUES (898998, N'Hermer', N'Garita', N'Aguilar', NULL, 11, N'2010-06-17', N'34', 3231, N'Por ahi', N'komi.jpg', 13214141, N'Mensual', N'bestia@hotmail.com', N'7dd87ed4943c264003408f44d6e5f404')
INSERT INTO [dbo].[nutricionista] ([n_cedula], [nombre], [p_apellido], [s_apellido], [codigo], [edad], [fecha_nac], [peso], [IMC], [direccion], [foto], [tarjetacredito], [tipo_cobro], [correo], [passw]) VALUES (1412414, N'Emanuel', N'loria', N'canejo', NULL, 9, N'2012-06-30', N'50', 13214, N'ahi', N'imagen', 21312414, N'Semanal', N'hola', N'811584043b844704c9bb9a6e99dd05d3')
INSERT INTO [dbo].[nutricionista] ([n_cedula], [nombre], [p_apellido], [s_apellido], [codigo], [edad], [fecha_nac], [peso], [IMC], [direccion], [foto], [tarjetacredito], [tipo_cobro], [correo], [passw]) VALUES (10101010, N'Saul', N'Gomez', N'Ramirez', N'generado', 20, N'2001-08-03', N'65', 2100, N'Cartago', N'yiyochibi.png', 241242414, N'Anual', N'saulgora@gmail.com', N'a5c235a185d7c5d6d84dbdb479a9fae9')
INSERT INTO [dbo].[nutricionista] ([n_cedula], [nombre], [p_apellido], [s_apellido], [codigo], [edad], [fecha_nac], [peso], [IMC], [direccion], [foto], [tarjetacredito], [tipo_cobro], [correo], [passw]) VALUES (11111111, N'Cristoger', N'Loria', N'padelo', N'', 21, N'2000-02-25', N'123', 1241, N'41241', N'komi.jpg', 1241412, N'Mensual', N'opale@hotmail.com', N'8977ecbb8cb82d77fb091c7a7f186163')
INSERT INTO [dbo].[nutricionista] ([n_cedula], [nombre], [p_apellido], [s_apellido], [codigo], [edad], [fecha_nac], [peso], [IMC], [direccion], [foto], [tarjetacredito], [tipo_cobro], [correo], [passw]) VALUES (32789423, N'asdf', N'asdf', N'adf', N'adf', 22, N'1999-09-12', N'43', 42, N'asdrasf', N'asdf', 54, N'54', N'65', N'76')
INSERT INTO [dbo].[nutricionista] ([n_cedula], [nombre], [p_apellido], [s_apellido], [codigo], [edad], [fecha_nac], [peso], [IMC], [direccion], [foto], [tarjetacredito], [tipo_cobro], [correo], [passw]) VALUES (50888912, N'Ernesto', N'Nashe', N'Nashe', N'13213', 7, N'2014-05-30', N'50', 1234, N'Por arribita', N'uwu', 31234124, N'Semanal', N'eljetas@gmail.com', N'fa10868b41aed1e5e6b30b96268d8754')

-- Popular paciente --

INSERT INTO [dbo].[paciente] ([id], [n_cedula], [paciente_cedula], [paciente_plan]) VALUES (7, 32452, 3278965, NULL)
INSERT INTO [dbo].[paciente] ([id], [n_cedula], [paciente_cedula], [paciente_plan]) VALUES (8, 32452, 4738590, NULL)
INSERT INTO [dbo].[paciente] ([id], [n_cedula], [paciente_cedula], [paciente_plan]) VALUES (9, 32452, 8595930, NULL)
INSERT INTO [dbo].[paciente] ([id], [n_cedula], [paciente_cedula], [paciente_plan]) VALUES (10, 1412414, 23109854, NULL)
INSERT INTO [dbo].[paciente] ([id], [n_cedula], [paciente_cedula], [paciente_plan]) VALUES (11, 1412414, 23842738, NULL)
INSERT INTO [dbo].[paciente] ([id], [n_cedula], [paciente_cedula], [paciente_plan]) VALUES (12, 11111111, 214354234, NULL)
INSERT INTO [dbo].[paciente] ([id], [n_cedula], [paciente_cedula], [paciente_plan]) VALUES (26, 10101010, 3052205, NULL)


-- Popular plan alimenticio --

INSERT INTO [dbo].[plan_alimenticio] ([Id], [nombre_plan], [total_calorias], [nutri_al_plan]) VALUES (N'1', N'plan_ejemplo', 272, 32452)
INSERT INTO [dbo].[plan_alimenticio] ([Id], [nombre_plan], [total_calorias], [nutri_al_plan]) VALUES (N'10101010_Cetogenica', N'Cetogenica', 0, 10101010)
INSERT INTO [dbo].[plan_alimenticio] ([Id], [nombre_plan], [total_calorias], [nutri_al_plan]) VALUES (N'505050_Arros y frijoles', N'Arros y frijoles', 0, 505050)


-- Popular producto --

INSERT INTO [dbo].[producto] ([codigo_barras], [descripcion], [porcion], [energia], [grasa], [sodio], [carbohidratos], [proteina], [vitaminas], [calcio], [hierro], [lista_espera], [nutri_cedula], [nutri_correo]) VALUES (4235, N'manzana', 123, 12, 3, 1, 1, 1, N'A', 1, 1, 1, NULL, N'saulgora@gmail.com')
INSERT INTO [dbo].[producto] ([codigo_barras], [descripcion], [porcion], [energia], [grasa], [sodio], [carbohidratos], [proteina], [vitaminas], [calcio], [hierro], [lista_espera], [nutri_cedula], [nutri_correo]) VALUES (6217, N'Atun', 213, 442, 242, 123, 124, 234, N'2342', 1231, 2342, 1, NULL, N'saulgora@gmail.com')
INSERT INTO [dbo].[producto] ([codigo_barras], [descripcion], [porcion], [energia], [grasa], [sodio], [carbohidratos], [proteina], [vitaminas], [calcio], [hierro], [lista_espera], [nutri_cedula], [nutri_correo]) VALUES (4327833, N'mug root beer', 2, 136, 1, 10, 34, 1, N'1', 1, 1, 1, NULL, N'jaja')
INSERT INTO [dbo].[producto] ([codigo_barras], [descripcion], [porcion], [energia], [grasa], [sodio], [carbohidratos], [proteina], [vitaminas], [calcio], [hierro], [lista_espera], [nutri_cedula], [nutri_correo]) VALUES (6378232, N'maiz dulce richly ', 1, 60, 1, 200, 12, 2, N'1', 1, 1, 1, NULL, N'jaja')
INSERT INTO [dbo].[producto] ([codigo_barras], [descripcion], [porcion], [energia], [grasa], [sodio], [carbohidratos], [proteina], [vitaminas], [calcio], [hierro], [lista_espera], [nutri_cedula], [nutri_correo]) VALUES (7400028, N'pinguinos marinela', 1, 160, 3, 117, 24, 2, N'A', 11, 23, 1, NULL, N'jaja')
INSERT INTO [dbo].[producto] ([codigo_barras], [descripcion], [porcion], [energia], [grasa], [sodio], [carbohidratos], [proteina], [vitaminas], [calcio], [hierro], [lista_espera], [nutri_cedula], [nutri_correo]) VALUES (43238345, N'caracolitos roma', 28, 32, 45, 22, 169, 55, N'A,B', 42, 584, 1, NULL, NULL)
INSERT INTO [dbo].[producto] ([codigo_barras], [descripcion], [porcion], [energia], [grasa], [sodio], [carbohidratos], [proteina], [vitaminas], [calcio], [hierro], [lista_espera], [nutri_cedula], [nutri_correo]) VALUES (435345345, N'galletas rrrrrriquisimas', 28, 32, 45, 22, 169, 55, N'A,B', 42, 584, 1, NULL, NULL)
INSERT INTO [dbo].[producto] ([codigo_barras], [descripcion], [porcion], [energia], [grasa], [sodio], [carbohidratos], [proteina], [vitaminas], [calcio], [hierro], [lista_espera], [nutri_cedula], [nutri_correo]) VALUES (4375893749, N'arroz tio pelon', 1, 90, 6, 6, 7, 6, N'a', 3, 5, 0, NULL, N'jaja')


-- Popular productosXplan --

INSERT INTO [dbo].[productosXplan] ([codigo_barras], [descripcion], [energia], [tiempo_comida], [plan_pertenece], [cantidad]) VALUES (4235, N'manzana', 12, N'almuerzo', N'10101010_Cetogenica', 1)
INSERT INTO [dbo].[productosXplan] ([codigo_barras], [descripcion], [energia], [tiempo_comida], [plan_pertenece], [cantidad]) VALUES (4235, N'manzana', 12, N'desayuno', N'1', 1)
INSERT INTO [dbo].[productosXplan] ([codigo_barras], [descripcion], [energia], [tiempo_comida], [plan_pertenece], [cantidad]) VALUES (6217, N'Atun', 442, N'desayuno', N'10101010_Cetogenica', 2)
INSERT INTO [dbo].[productosXplan] ([codigo_barras], [descripcion], [energia], [tiempo_comida], [plan_pertenece], [cantidad]) VALUES (4327833, N'mug root beer', 136, N'almuerzo', N'1', 1)
INSERT INTO [dbo].[productosXplan] ([codigo_barras], [descripcion], [energia], [tiempo_comida], [plan_pertenece], [cantidad]) VALUES (4327833, N'mug root beer', 136, N'desayuno', N'1', 1)



-- Popular registro_peso --


SET IDENTITY_INSERT [dbo].[registro_peso] ON
INSERT INTO [dbo].[registro_peso] ([Id], [cliente_cedula], [fecha_del_registro], [peso], [IMC], [cintura], [cuello], [caderas], [porc_musculo], [porc_grasa]) VALUES (5, 23109854, N'2021-11-08', 4, 4, 2, 3, 3, 3, 3)
INSERT INTO [dbo].[registro_peso] ([Id], [cliente_cedula], [fecha_del_registro], [peso], [IMC], [cintura], [cuello], [caderas], [porc_musculo], [porc_grasa]) VALUES (6, 23842738, N'2021-11-08', 44, 43, 24, 33, 33, NULL, NULL)
INSERT INTO [dbo].[registro_peso] ([Id], [cliente_cedula], [fecha_del_registro], [peso], [IMC], [cintura], [cuello], [caderas], [porc_musculo], [porc_grasa]) VALUES (7, 4738590, N'2021-11-08', 44, 43, 24, 332, 33, NULL, NULL)
INSERT INTO [dbo].[registro_peso] ([Id], [cliente_cedula], [fecha_del_registro], [peso], [IMC], [cintura], [cuello], [caderas], [porc_musculo], [porc_grasa]) VALUES (8, 3278965, N'2021-11-08', 44, 43, 24, 332, 33, NULL, NULL)
INSERT INTO [dbo].[registro_peso] ([Id], [cliente_cedula], [fecha_del_registro], [peso], [IMC], [cintura], [cuello], [caderas], [porc_musculo], [porc_grasa]) VALUES (9, 8595930, N'2021-11-08', 44, 43, 24, 332, 33, NULL, NULL)
INSERT INTO [dbo].[registro_peso] ([Id], [cliente_cedula], [fecha_del_registro], [peso], [IMC], [cintura], [cuello], [caderas], [porc_musculo], [porc_grasa]) VALUES (10, 3052205, N'2021-11-09', 23, 123, 123, 3214, 2123, 12, 313)
INSERT INTO [dbo].[registro_peso] ([Id], [cliente_cedula], [fecha_del_registro], [peso], [IMC], [cintura], [cuello], [caderas], [porc_musculo], [porc_grasa]) VALUES (14, 32542543, N'2021-11-15', 5, 5, 5, 5, 5, 5, 5)
INSERT INTO [dbo].[registro_peso] ([Id], [cliente_cedula], [fecha_del_registro], [peso], [IMC], [cintura], [cuello], [caderas], [porc_musculo], [porc_grasa]) VALUES (19, 328476585, N'2021-11-16', 45, 54, 34, 43, 54, 54, 65)
INSERT INTO [dbo].[registro_peso] ([Id], [cliente_cedula], [fecha_del_registro], [peso], [IMC], [cintura], [cuello], [caderas], [porc_musculo], [porc_grasa]) VALUES (20, 328476585, N'2021-11-15', 3, 4, 4, 4, 4, 3, 3)
INSERT INTO [dbo].[registro_peso] ([Id], [cliente_cedula], [fecha_del_registro], [peso], [IMC], [cintura], [cuello], [caderas], [porc_musculo], [porc_grasa]) VALUES (21, 207950858, N'2021-11-16', 54, 18, 20, 5, 15, 14, 18)
SET IDENTITY_INSERT [dbo].[registro_peso] OFF
